ISIN,Rendimento_annuo%,Volatilita_annua%,Sharpe_Ratio,Max_Drawdown%,Beta,Alpha%,Perf_1mese%,Perf_6mesi%,Perf_1anno%
LU1834988278,70.65,17.66,3.797,-5.51,,,2.52,40.81,
LU3121015211,51.13,15.61,3.046,-10.31,,,10.54,,
IE000DR59CI3,86.21,30.28,2.728,-13.79,,,24.74,49.86,
IE000AIFGRB9,58.4,20.18,2.716,-9.64,,,-3.08,32.22,
IE000J0LN0R5,60.33,21.22,2.674,-12.35,,,-3.91,,
FR0010930644,54.22,20.06,2.524,-8.59,,,8.56,29.53,
IE000MELAE65,56.55,21.06,2.515,-11.22,,,-4.85,,
IE000JNHCBM6,56.13,21.14,2.485,-6.48,,,1.68,,
IE0009BC6K22,74.68,30.14,2.358,-16.11,,,15.67,41.58,
IE0007WMHDE3,35.97,14.0,2.313,-4.11,,,1.96,,
IE000JZYIUN0,49.6,20.0,2.301,-8.62,,,10.73,26.62,
LU1681046006,44.93,18.08,2.286,-8.74,,,-0.98,,
IE0005HNE843,29.2,11.26,2.274,-4.18,,,4.08,,
FR0013412004,51.61,21.24,2.26,-9.51,,,3.83,27.72,
IE00BK5BCH80,62.27,26.41,2.222,-9.85,,,10.41,33.84,
IE000MRIQ479,34.28,13.87,2.213,-9.02,,,4.19,,
IE00BF0M2Z96,74.98,33.01,2.162,-14.23,,,17.08,41.16,
IE00BMYDM919,30.72,13.0,2.087,-6.8,,,5.47,15.97,
IE0004U3TX15,59.01,26.91,2.059,-13.46,,,24.53,31.62,
IE00BNC0MH93,57.48,26.63,2.023,-16.05,,,12.96,,
IE000VAKCHT4,51.59,24.04,1.997,-3.28,,,8.38,,
LU1681046188,33.51,15.56,1.922,-4.54,,,0.0,,
IE000YU9K6K2,92.14,46.37,1.91,-20.2,,,7.58,,
LU1900066033,73.82,36.98,1.899,-14.85,,,22.7,,
IE000PN3F926,50.5,24.85,1.887,-9.86,,,11.02,,
IE00BLCHJH52,38.08,18.77,1.838,-7.47,,,4.83,,
IE000OKVTDF7,29.79,14.35,1.825,-8.3,,,10.15,15.33,
IE000FCGBU62,40.8,20.57,1.809,-14.69,,,6.83,,
IE000H1H16W5,30.59,14.97,1.803,-9.12,,,6.89,15.74,
IE000KHX9DX6,82.63,44.03,1.795,-24.69,,,15.68,43.56,
IE00BLRB0242,44.03,22.67,1.784,-11.33,,,11.68,,
IE00BQQ3Q067,28.86,14.21,1.779,-7.6,,,5.74,14.81,
IE000PNL0242,34.98,18.02,1.742,-9.41,,,8.08,,
IE00BKY58G26,39.85,20.83,1.741,-12.87,,,10.97,20.55,
LU1615090864,24.95,12.29,1.739,-6.95,,,6.6,12.75,
IE00BMYDM794,53.46,29.24,1.705,-15.93,,,18.01,27.62,
IE00BMYDMB35,32.05,16.7,1.704,-10.86,,,4.71,16.42,
IE0006O3TTP9,25.58,13.12,1.676,-8.21,,,4.27,,
IE0005E47AH7,37.45,20.32,1.666,-9.41,,,4.68,19.18,
IE00BGL86Z12,48.27,26.84,1.665,-13.03,,,21.04,24.82,
IE00BDF12W49,26.92,14.09,1.656,-7.54,,,5.52,13.72,
IE000ANHU3J3,35.46,19.42,1.641,-12.1,,,10.76,,
IE000O8S1EX4,32.69,17.77,1.638,-10.43,,,8.66,,
IE000Y6ZXZ48,32.94,18.13,1.618,-8.16,,,14.97,,
IE0006SEWKA2,35.14,19.53,1.615,-10.28,,,9.7,,
IE000QUCVEN9,22.6,12.04,1.579,-7.08,,,3.58,11.46,
LU1048313891,40.63,23.77,1.558,-11.34,,,11.3,,
IE00BJ5JP766,37.5,21.77,1.557,-16.54,,,6.86,,
IE0002RPS3K2,79.03,48.6,1.552,-29.67,,,41.13,,
IE000CBYU7J5,37.33,21.77,1.55,-12.4,,,9.7,18.94,
IE000NS5HRY9,23.33,12.77,1.546,-8.44,,,6.5,11.82,
IE000OVF8Q66,33.72,19.52,1.543,-10.35,,,9.06,,
FR0013412012,36.75,21.48,1.543,-11.5,,,10.38,18.63,
LU1291097779,33.64,19.63,1.531,-10.87,,,9.44,17.04,
IE000H3AH951,25.95,14.69,1.522,-9.47,,,6.47,,
IE000GNOSM10,32.91,19.36,1.514,-8.53,,,10.23,,
IE000L5NW549,34.5,20.51,1.507,-11.8,,,11.77,17.44,
IE000D5R9C23,32.99,19.61,1.499,-10.76,,,9.55,,
FR0013412020,32.64,19.38,1.498,-10.69,,,8.97,16.49,
LU0476289540,26.0,15.08,1.486,-8.74,,,6.85,13.12,
FR001400SDL2,33.4,20.08,1.484,-11.23,,,9.52,16.85,
IE00BYQCZJ13,37.05,22.66,1.476,-10.93,,,0.06,,
IE00BF4G6Z54,36.77,22.59,1.469,-12.51,,,11.25,,
LU0292107991,37.56,23.24,1.462,-13.84,,,11.98,18.88,
IE00BMDV7354,33.8,20.66,1.462,-11.77,,,10.7,,
IE000U58J0M1,42.03,26.82,1.433,-11.34,,,6.96,21.01,
IE000LAUZQT6,26.56,16.22,1.416,-10.37,,,6.99,13.34,
IE00BKPSFC54,22.32,13.29,1.409,-7.56,,,5.98,11.22,
IE00BD6RZT93,19.36,11.2,1.408,-8.3,,,3.09,9.73,
IE0005AJA0P1,25.85,16.09,1.384,-9.46,,,4.42,,
IE00BD6RZW23,18.89,11.06,1.383,-2.46,,,-2.13,,
LU1377382285,21.27,12.83,1.378,-7.7,,,6.03,10.67,
IE00B1XNHC34,45.72,30.59,1.377,-11.28,,,6.84,,
IE0007UE04X9,54.08,36.72,1.375,-16.95,,,8.97,26.46,
LU1215452928,21.81,13.28,1.371,-8.7,,,6.91,,
LU3121015484,24.88,15.83,1.345,-9.28,,,4.64,,
IE000A89Y2G7,21.59,13.59,1.324,-6.23,,,2.94,10.79,
IE000AN3AFZ1,30.69,20.71,1.309,-11.42,,,9.76,,
IE0008T6IUX0,33.66,23.05,1.305,-13.29,,,6.34,,
IE000GOJO2A3,33.27,22.79,1.302,-13.5,,,6.25,,
IE00BMDH1538,46.96,33.45,1.297,-23.17,,,27.54,,
FR001400ZGO4,29.7,20.19,1.293,-11.27,,,8.96,14.71,
IE000LTA2082,25.11,16.8,1.281,-9.84,,,6.33,,
FR001400SDK4,31.61,21.89,1.28,-10.8,,,3.69,15.6,
IE000D6810F1,17.57,11.06,1.263,-7.97,,,6.11,8.78,
IE000QLV3SY5,31.19,21.87,1.262,-11.97,,,10.65,,
FR0011869270,22.64,15.28,1.246,-8.78,,,5.4,11.24,
LU1681037518,26.41,18.37,1.242,-10.84,,,10.82,,
IE000KEFZYE7,34.24,24.79,1.237,-15.23,,,10.32,,
IE00BYVJRP78,32.7,23.72,1.227,-12.33,,,8.56,,
IE000T369T05,31.75,23.18,1.215,-11.54,,,3.78,15.52,
IE000YNVI4W4,21.07,14.41,1.213,-9.2,,,4.45,,
IE00BJQRDN15,21.26,14.74,1.199,-8.65,,,7.31,,
IE000YUTMIU2,16.2,10.54,1.196,-5.81,,,5.01,,
LU2976314208,29.75,22.09,1.184,-9.46,,,2.37,,
IE00050J4789,21.77,15.38,1.182,-6.13,,,6.6,,
IE00BM9TSP27,31.57,23.71,1.18,-12.9,,,9.29,15.35,
IE000P3D0W60,38.13,29.31,1.178,-13.53,,,8.5,18.29,
IE00BRB36B93,29.82,22.26,1.178,-9.96,,,2.73,,
LU3121015138,24.07,17.58,1.164,-9.95,,,5.22,,
IE00BJQRDP39,19.99,14.13,1.16,-8.11,,,6.93,,
LU1659681313,21.91,15.92,1.151,-10.83,,,8.97,,
IE00B3VWM098,21.42,15.49,1.151,-6.14,,,6.38,,
IE00BGDQ0T50,27.89,21.25,1.143,-12.02,,,8.61,,
IE00BM8QRZ79,40.55,32.38,1.141,-12.64,,,1.6,,
IE0004MFRED4,15.96,10.88,1.137,-6.84,,,4.69,7.92,
LU1481203070,29.27,22.64,1.134,-9.56,,,1.66,14.17,
IE0001XCFC82,30.4,23.87,1.123,-10.4,,,4.07,14.66,
IE000PJL7R74,27.67,21.5,1.12,-12.6,,,11.07,,
IE000VDP6OY8,18.37,13.24,1.116,-7.67,,,4.94,,
IE000U1MQKJ2,20.34,15.07,1.111,-9.66,,,7.83,10.0,
LU3121015567,19.55,14.4,1.108,-9.27,,,4.62,,
IE0002XFS025,17.29,12.36,1.108,-7.6,,,6.54,,
IE00BKY59G90,24.06,18.6,1.1,-11.16,,,9.02,11.72,
IE00BLRPN388,28.29,22.56,1.095,-13.77,,,9.71,,
IE000KJPDY61,16.56,11.97,1.083,-6.77,,,5.78,8.18,
IE00BKY55W78,19.98,15.27,1.073,-10.47,,,6.11,9.78,
IE0000P0RPE6,16.11,11.67,1.073,-6.84,,,5.65,7.96,
LU2194447293,16.85,12.42,1.068,-6.3,,,3.66,8.3,
IE000LYBU7X5,18.49,13.99,1.065,-8.99,,,6.06,9.08,
IE000MKIH0W7,15.33,11.04,1.063,-6.65,,,7.15,,
IE0007WLHX89,18.52,14.05,1.062,-9.25,,,5.45,,
IE00BLRPRR04,23.1,18.44,1.058,-10.54,,,7.46,11.21,
IE00BKTLJC87,23.16,18.53,1.056,-10.41,,,9.16,11.23,
IE00BNTVVR89,58.6,52.12,1.055,-34.64,,,4.67,,
IE00BLB2GT26,10.92,6.95,1.054,-3.6,,,3.06,,
IE0003NQ0IY5,18.32,14.24,1.034,-9.6,,,7.28,8.97,
IE00BLB2GQ94,8.32,4.64,1.018,-1.82,,,3.09,,
LU2993402101,16.81,13.04,1.014,-8.14,,,3.75,,
IE0001UQQ933,16.19,12.46,1.011,-6.61,,,5.45,,
IE000ZUTO1I5,24.7,21.1,1.0,-10.49,,,0.99,,
LU1659681230,21.58,18.11,0.994,-10.95,,,7.7,10.4,
IE00BKTLJB70,22.4,19.01,0.989,-10.23,,,8.6,10.76,
IE00BDVPNG13,31.64,28.41,0.987,-15.61,,,18.24,14.69,
IE00BKY59K37,16.47,13.05,0.987,-8.52,,,6.84,8.06,
IE000I5NV504,19.49,16.25,0.979,-9.23,,,10.1,9.44,
LU2533813023,20.56,17.43,0.974,-8.0,,,0.0,9.91,
IE00BM9TV208,16.69,13.57,0.965,-9.21,,,3.54,,
IE000X9FTI22,20.18,17.21,0.964,-9.0,,,8.03,9.73,
IE00BLB2GS19,15.3,12.2,0.96,-6.95,,,7.95,,
IE00BMH5YL08,36.6,35.03,0.942,-18.96,,,13.55,,
IE000RITWOD4,17.32,14.58,0.941,-10.14,,,4.92,,
IE000Q8N7WY1,15.13,12.3,0.938,-6.08,,,6.38,,
LU1291098314,20.89,18.58,0.931,-13.39,,,7.95,9.98,
IE000C692SN6,18.2,15.74,0.928,-9.94,,,6.44,8.78,
IE00BYZK4552,27.12,25.37,0.927,-15.07,,,18.75,12.61,
IE000IDLWOL4,13.93,11.17,0.926,-7.14,,,4.39,,
IE0000902GT6,24.21,22.97,0.898,-13.79,,,10.83,11.3,
IE00000EF730,16.06,13.95,0.894,-9.04,,,4.77,,
IE00094GSCQ4,15.89,13.78,0.892,-7.91,,,7.42,7.7,
IE000D8XC064,15.52,13.4,0.89,-7.85,,,7.26,7.53,
IE000XD7KCJ7,32.99,33.15,0.887,-14.69,,,-6.41,,
IE0002PGSLZ5,15.32,13.41,0.875,-8.33,,,8.27,7.42,
IE0001VXZTV7,19.96,18.81,0.87,-11.3,,,8.93,,
LU2533813296,20.32,19.51,0.857,-7.39,,,6.77,9.59,
IE000WHL2ZK1,13.26,11.3,0.856,-6.69,,,6.53,6.46,
IE000KPJJWM6,19.59,18.78,0.852,-11.32,,,9.02,,
LU2976312335,15.8,14.44,0.846,-9.63,,,5.43,,
IE00BMDV7578,16.39,15.2,0.842,-7.11,,,6.57,,
IE0007FM00T9,13.32,11.59,0.84,-6.73,,,6.45,6.48,
IE000A7N3IV0,15.08,13.73,0.837,-8.87,,,7.87,,
LU1602144575,17.51,16.74,0.832,-10.63,,,8.7,8.33,
IE00BKY40J65,13.43,11.88,0.828,-7.75,,,7.65,6.52,
IE00BF4G7183,15.39,14.3,0.825,-9.97,,,4.69,,
LU2976314463,13.47,12.02,0.822,-6.17,,,2.02,,
IE00BYZNF849,14.25,13.0,0.82,-8.82,,,3.56,6.87,
NL0010408704,15.17,14.19,0.816,-7.97,,,5.43,,
IE00BYVJRR92,15.06,14.07,0.815,-8.69,,,8.84,7.23,
LU2976315866,15.49,14.59,0.815,-9.82,,,5.11,,
IE000F2IX674,19.79,19.94,0.812,-9.21,,,6.17,,
LU2059756325,17.27,16.9,0.809,-10.55,,,8.88,8.18,
FR0013412269,18.59,18.6,0.806,-11.34,,,13.24,8.73,
LU3147499878,13.09,11.79,0.806,-6.49,,,6.22,,
IE000UFAX9L6,16.26,15.76,0.804,-8.63,,,6.52,,
IE00BKS7L097,13.66,12.56,0.802,-8.79,,,8.13,6.6,
IE00BFM15T99,21.75,22.69,0.8,-11.84,,,2.18,9.99,
LU1603797587,12.46,11.09,0.8,-6.64,,,1.93,6.05,
IE00BGHQ0G80,13.92,12.96,0.796,-7.25,,,7.06,,
IE000IY9QFN9,14.9,14.22,0.795,-9.31,,,9.7,,
IE00BHZPJ783,15.16,14.56,0.794,-10.01,,,4.24,,
IE00BZ0XVF52,9.46,7.4,0.793,-4.82,,,2.71,4.66,
LU0959210278,12.69,11.54,0.789,-7.51,,,4.89,6.15,
IE0007ULOZS8,13.65,12.8,0.786,-8.97,,,8.19,6.58,
IE00BDR55471,17.88,18.24,0.783,-9.73,,,9.8,,
IE0000VX9GN7,13.46,12.69,0.777,-8.97,,,8.25,6.48,
IE000AGFZM58,15.76,15.71,0.775,-10.18,,,6.32,7.48,
LU2976311444,14.54,14.24,0.769,-10.04,,,5.12,,
IE00BLLZQ805,13.05,12.33,0.767,-7.53,,,6.41,,
FR001400SDJ6,20.53,22.16,0.764,-11.69,,,2.21,9.39,
LU0959210781,12.42,11.55,0.764,-7.55,,,4.83,6.0,
IE0001J5A2T9,14.71,14.69,0.757,-10.49,,,1.7,,
LU1291099718,14.45,14.35,0.757,-9.73,,,4.64,6.89,
IE0006WOV4I9,12.83,12.28,0.752,-6.63,,,6.1,,
IE00BYTH5T38,12.26,11.54,0.751,-7.54,,,4.8,,
IE000YARBD10,19.53,21.3,0.748,-11.43,,,2.57,8.95,
IE000P1IQS65,13.48,13.27,0.745,-7.49,,,6.5,,
IE0009VWHAE6,13.52,13.36,0.743,-8.13,,,8.43,6.47,
IE00BLSN7P11,15.14,15.58,0.741,-10.28,,,8.79,,
IE0000SS94R1,19.53,21.54,0.74,-12.07,,,2.61,8.92,
IE00002ZKAP0,14.09,14.28,0.735,-9.7,,,3.74,,
IE00BG370F43,19.12,21.24,0.731,-12.69,,,7.44,8.74,
IE0001JABD69,13.1,13.05,0.729,-8.2,,,6.97,,
LU1681042609,14.46,15.01,0.724,-10.05,,,4.43,,
IE0002DDYPW4,11.86,11.47,0.721,-6.06,,,5.61,5.72,
IE0004J37T45,11.92,11.56,0.721,-6.94,,,6.8,5.74,
LU0599612842,11.96,11.61,0.721,-7.71,,,5.76,,
LU1681041544,13.8,14.2,0.719,-9.26,,,7.05,6.55,
LU1603795458,12.97,13.04,0.719,-7.68,,,5.6,6.2,
NL0010731816,15.14,16.1,0.717,-10.3,,,6.37,,
IE00BDQZMX67,13.8,14.38,0.71,-7.66,,,7.39,,
LU0292109005,22.22,26.29,0.708,-16.55,,,5.86,9.78,
IE00BN2BCY94,12.32,12.38,0.705,-9.1,,,7.49,5.9,
IE000CV0WWL4,19.97,23.3,0.703,-13.05,,,0.17,,
IE00BJQRDL90,14.14,15.09,0.699,-11.3,,,5.7,,
LU2976313812,18.28,21.01,0.699,-10.4,,,0.89,,
LU1681040223,14.18,15.2,0.697,-10.9,,,5.33,6.68,
LU2870272734,13.83,14.77,0.693,-10.1,,,4.94,,
NL0009272780,9.81,8.97,0.692,-6.49,,,4.99,,
LU3174346182,11.47,11.44,0.688,-7.35,,,6.98,,
IE0005MWBFR7,11.58,11.69,0.684,-6.16,,,6.06,,
LU2800573128,20.04,24.07,0.683,-12.9,,,2.49,8.89,
IE00BKSCBX74,14.39,15.82,0.682,-10.63,,,6.06,,
IE000AZOUN82,13.62,14.75,0.68,-9.52,,,10.53,,
LU3147499951,12.27,12.75,0.68,-8.29,,,6.68,,
LU1377381717,12.3,12.82,0.679,-9.98,,,4.94,5.86,
LU1377382103,14.12,15.55,0.677,-9.29,,,5.14,6.62,
IE000PSF3A70,13.29,14.37,0.675,-7.18,,,6.61,6.28,
IE00BF4G6Y48,12.72,13.51,0.675,-8.43,,,7.21,,
IE000ATQR3N3,12.94,13.87,0.674,-8.91,,,7.65,,
IE000TG1LGI4,15.32,17.49,0.671,-9.79,,,7.94,,
IE000K1P4V37,13.58,15.0,0.666,-9.33,,,7.35,,
LU1940199711,13.61,15.17,0.661,-10.46,,,5.82,6.38,
IE0008FB2WZ1,12.53,13.57,0.659,-8.54,,,7.41,5.93,
IE000Z8BHG02,18.0,21.94,0.657,-11.07,,,7.15,,
IE000VXC51U5,12.9,14.21,0.655,-8.63,,,7.44,,
FR0013412285,11.09,11.47,0.654,-7.47,,,7.0,5.31,
IE0003UN5CT1,13.44,15.1,0.652,-10.93,,,5.34,,
LU2976315601,14.17,16.27,0.65,-10.29,,,5.92,,
IE000R9FA4A0,11.77,12.66,0.646,-8.9,,,8.23,,
IE000W8HP9L8,11.11,11.75,0.64,-6.82,,,6.17,5.31,
IE00BNC0M913,12.81,14.5,0.636,-9.56,,,6.13,,
IE00BKLTRN76,12.31,13.72,0.635,-10.19,,,4.42,5.8,
IE00BG0NY640,13.54,15.68,0.634,-9.77,,,6.39,,
LU3053349448,10.97,11.65,0.633,-7.12,,,7.19,,
IE00BH4GPZ28,11.19,12.04,0.631,-6.76,,,7.2,,
IE00BFNM3J75,12.74,14.53,0.63,-9.11,,,8.0,5.97,
IE0001GSQ2O9,11.41,12.4,0.63,-7.28,,,6.34,,
FR001400SDM0,11.4,12.47,0.627,-7.51,,,6.23,5.42,
LU0908501132,13.71,16.17,0.625,-10.61,,,6.02,,
IE000PB4LRO2,11.24,12.26,0.624,-7.22,,,6.39,5.35,
IE000C5YJ791,11.87,13.27,0.624,-10.14,,,8.7,5.61,
LU3086388124,12.99,15.06,0.624,-10.31,,,4.52,6.06,
IE000X7DRW38,13.07,15.33,0.619,-9.61,,,3.71,,
IE0008D0AIU9,11.8,13.28,0.618,-6.7,,,3.36,,
IE000GTJ2I49,18.46,24.11,0.617,-14.54,,,3.54,8.04,
IE000QCDDND5,17.14,21.98,0.616,-10.25,,,1.04,,
LU1940199984,12.62,14.66,0.616,-10.65,,,6.11,5.9,
IE000MW6GT38,18.44,24.12,0.616,-14.63,,,3.55,8.03,
FR001400KE06,13.55,16.21,0.614,-10.48,,,2.29,6.26,
IE00BKY55S33,18.23,23.92,0.612,-14.24,,,1.55,7.93,
IE000K48NTA1,11.24,12.51,0.611,-6.55,,,6.82,5.33,
FR0011440478,14.49,17.98,0.606,-12.6,,,4.51,6.6,
IE0007QB4QS2,11.07,12.39,0.603,-7.68,,,6.7,,
IE00BF4G7076,11.34,12.86,0.602,-8.4,,,8.43,,
IE0001W4ZVM2,12.59,15.0,0.6,-9.09,,,9.06,,
IE000XERHYF0,11.18,12.72,0.597,-7.3,,,7.75,,
IE000Q6C8036,11.17,12.73,0.595,-9.34,,,7.88,5.28,
IE00004PGEY9,13.45,16.65,0.592,-11.09,,,5.23,,
IE000IAPH329,5.25,2.8,0.591,-1.68,,,1.53,,
IE0007YP0PL1,10.96,12.62,0.584,-8.26,,,6.08,,
IE000BNLRWE6,13.31,16.74,0.58,-10.96,,,7.46,,
IE000QF66PE6,10.97,12.72,0.58,-9.2,,,7.55,,
FR001400ZGS5,11.11,12.99,0.578,-7.48,,,6.27,5.23,
IE0001O9L5K4,11.73,14.12,0.576,-7.93,,,6.85,,
NL0009690239,10.76,12.49,0.574,-8.09,,,5.42,,
IE000ST40PX8,18.64,26.2,0.574,-15.93,,,10.37,,
LU1291098827,12.88,16.21,0.573,-10.28,,,5.08,5.91,
IE000130VPV5,9.61,10.5,0.573,-6.98,,,8.03,4.6,
LU0908501058,12.85,16.38,0.565,-10.67,,,5.41,,
IE00BG36TC12,17.59,24.87,0.563,-14.64,,,5.12,7.47,
IE000WQ5O293,12.36,15.61,0.561,-8.94,,,7.71,5.69,
LU1691909508,10.07,11.56,0.561,-6.72,,,3.2,,
IE00BJ5JP097,12.47,15.86,0.56,-10.54,,,5.79,5.73,
LU2870272908,10.7,12.71,0.559,-7.78,,,6.79,,
FR001400KH45,10.52,12.49,0.555,-8.7,,,5.48,4.95,
IE0004HBJKG0,10.62,12.66,0.555,-6.5,,,6.54,4.99,
IE000KYX7IP4,11.98,15.14,0.554,-9.66,,,3.83,,
IE000R7HJVO6,11.18,13.71,0.553,-8.61,,,8.06,,
IE00BNG8L278,11.84,15.09,0.546,-9.84,,,9.05,,
IE00BNG8L385,11.96,15.39,0.544,-10.01,,,8.84,,
IE00063GNWK1,11.88,15.25,0.544,-10.54,,,8.82,,
LU2216829809,12.3,16.04,0.543,-9.02,,,9.11,,
IE000EHPAS96,10.62,12.94,0.543,-7.86,,,6.95,4.98,
IE00BYX2JD69,10.64,13.12,0.537,-7.8,,,6.08,4.97,
FR001400SDI8,12.57,16.78,0.535,-10.41,,,4.1,5.7,
IE00058MW3M8,10.54,12.99,0.535,-9.54,,,7.8,4.93,
LU1655103486,11.06,14.0,0.534,-10.94,,,3.97,,
IE00BNC1F287,13.4,18.38,0.534,-11.24,,,10.36,,
LU1923163759,3.96,0.7,0.533,-0.06,,,0.41,1.98,
IE00BKSBGT50,11.66,15.13,0.533,-9.91,,,4.14,,
IE000D1017N2,10.05,12.16,0.531,-6.35,,,4.88,,
IE000PEAJOT0,11.13,14.3,0.527,-11.05,,,9.62,5.15,
IE000XNILW20,12.47,16.88,0.526,-9.51,,,6.08,5.64,
IE00BKSBGV72,10.82,13.87,0.521,-8.99,,,8.29,,
IE00018LB0D8,11.48,15.23,0.518,-10.26,,,5.04,5.26,
IE00BJZ2DC62,10.91,14.12,0.518,-9.64,,,9.12,5.05,
IE00BKSBGS44,10.7,13.8,0.515,-9.56,,,9.35,,
IE0001YGXFO5,10.68,13.86,0.511,-9.3,,,7.61,4.94,
LU3086268227,12.18,16.88,0.509,-10.5,,,6.38,5.49,
IE000YNE6S57,10.64,13.87,0.508,-9.3,,,7.57,4.92,
IE0006FAD976,10.13,12.88,0.507,-8.33,,,8.11,,
IE000SACNHU2,17.92,28.25,0.507,-15.41,,,16.02,,
IE00BJQRDM08,10.27,13.25,0.504,-9.09,,,9.24,,
LU2872292243,7.72,8.19,0.504,-4.81,,,4.01,,
LU3008629340,11.51,15.84,0.5,-10.12,,,5.14,,
IE00BHZPJ015,11.78,16.41,0.499,-10.78,,,5.16,,
LU0322252338,11.43,15.7,0.499,-10.65,,,2.77,5.2,
LU1291108642,10.49,13.88,0.497,-9.18,,,7.52,4.84,
IE000YR7N5U8,10.88,14.67,0.497,-6.25,,,6.98,,
IE00BYZK4669,12.06,17.06,0.496,-8.4,,,2.8,5.41,
IE000LIYGB49,9.98,12.89,0.495,-8.31,,,7.74,4.64,
LU2023679090,16.13,25.38,0.494,-10.94,,,6.68,6.63,
IE000COQKPO9,12.66,18.48,0.491,-12.01,,,12.93,,
IE000BXC49I6,10.49,14.08,0.489,-9.61,,,8.23,,
IE000JQ2IJD3,9.55,12.18,0.489,-10.27,,,3.19,,
IE00BJQRDK83,9.63,12.34,0.489,-7.11,,,6.9,,
IE00077IIPQ8,10.08,13.48,0.481,-8.77,,,6.82,4.66,
IE00BVXBH163,11.38,16.22,0.48,-10.81,,,4.97,5.12,
NL0009272772,7.99,9.2,0.478,-5.48,,,4.34,,
IE000V0GDVU7,12.3,18.23,0.477,-13.52,,,8.99,,
LU3174346000,11.27,16.14,0.476,-10.47,,,5.73,,
FR0013412293,9.84,13.11,0.476,-9.64,,,7.66,4.56,
IE0000LVTJ08,9.35,12.12,0.475,-8.28,,,7.74,4.37,
IE00BNGFMY78,10.7,14.96,0.475,-9.34,,,3.43,,
FR001400SDN8,9.87,13.41,0.468,-8.33,,,7.37,4.55,
FR001400SDO6,9.87,13.41,0.468,-8.33,,,7.37,4.55,
IE000YASIPS3,10.63,15.07,0.467,-10.68,,,6.0,,
IE00BDGN9Z19,11.13,16.21,0.465,-10.11,,,4.91,,
IE00BK5H8015,10.49,14.92,0.462,-10.66,,,4.5,,
LU2976313655,9.51,12.8,0.462,-8.77,,,8.08,,
IE00BHZPJ569,9.16,12.17,0.458,-7.18,,,6.07,,
IE0004CIQ1O4,10.19,14.6,0.452,-10.25,,,7.87,,
LU1377382368,9.8,13.96,0.445,-10.47,,,4.5,4.48,
IE00BLLZQS08,7.2,8.11,0.445,-5.29,,,3.9,,
IE00096S6AV7,9.63,13.58,0.445,-11.16,,,7.67,4.42,
IE000PY7F8J9,13.07,21.4,0.443,-12.69,,,8.07,5.5,
IE00BHXMHQ65,9.25,13.07,0.433,-9.3,,,7.68,,
LU2777377875,9.56,13.93,0.428,-10.49,,,4.7,4.36,
LU1681042864,9.25,13.26,0.427,-9.93,,,8.15,4.24,
IE00BNGFMX61,12.71,21.43,0.426,-10.5,,,2.07,,
IE000N4E8XZ6,5.22,3.82,0.425,-2.16,,,1.7,2.58,
LU1377382442,9.49,13.91,0.424,-10.49,,,4.7,4.32,
IE000L2ZNB07,9.81,14.68,0.423,-10.83,,,9.94,4.43,
IE00BFNNN236,7.49,9.22,0.422,-5.11,,,2.26,,
IE00BKLWY790,9.9,15.06,0.419,-10.65,,,9.11,4.45,
LU2870272577,8.89,12.91,0.41,-8.58,,,7.82,,
IE00BJ5JNY98,12.56,21.95,0.409,-16.07,,,14.72,5.18,
IE000AON7ET1,16.43,31.56,0.407,-17.63,,,6.23,,
IE000M86QRT4,8.55,12.28,0.404,-8.76,,,4.79,,
IE000O8KMPM1,13.78,25.36,0.402,-11.39,,,1.4,5.39,
IE0009Y1MQJ2,9.94,15.88,0.4,-9.03,,,6.88,4.41,
IE000CN8T855,8.78,13.03,0.398,-8.56,,,7.89,,
IE000UZO4IC7,6.21,6.57,0.398,-3.98,,,2.21,,
IE000EETFH77,9.04,13.73,0.397,-9.71,,,8.68,4.1,
IE00B57X3V84,9.3,14.72,0.388,-9.42,,,6.58,,
IE000LZI2UH4,5.0,3.64,0.388,-2.0,,,1.87,,
LU2641925016,8.24,12.13,0.383,-8.39,,,6.37,3.8,
IE00BM9GRP64,6.34,7.17,0.383,-4.02,,,2.15,,
LU1615092217,8.39,12.78,0.375,-8.26,,,6.37,,
IE00BFZPF322,6.21,7.02,0.373,-3.51,,,1.47,3.0,
IE000SM6I1K9,20.08,44.26,0.372,-11.87,,,0.0,,
LU2130768844,8.97,14.86,0.362,-10.62,,,5.25,3.98,
IE000QWCYQT0,8.26,12.92,0.361,-7.94,,,6.95,,
IE00BG0TQB18,5.36,4.96,0.357,-3.81,,,1.45,,
LU2491210618,7.75,11.78,0.353,-5.97,,,2.08,,
IE000IP0UC52,8.73,14.58,0.353,-11.44,,,9.04,,
IE0006IP4XZ8,7.86,12.22,0.349,-8.24,,,7.45,3.6,
LU0629460089,8.97,15.47,0.348,-10.5,,,10.11,,
IE00BFMNPS42,8.66,14.53,0.348,-11.83,,,9.21,3.85,
IE00032YLFR3,7.58,11.59,0.344,-7.86,,,6.34,3.49,
IE00094KNQN4,4.82,3.59,0.341,-1.96,,,1.64,2.38,
IE000YGEAK03,10.51,20.33,0.34,-15.36,,,12.57,4.29,
IE00BMDWYZ92,8.4,14.73,0.327,-10.24,,,7.71,,
LU1953136527,7.64,12.58,0.321,-7.95,,,5.1,,
IE000G2LIHG9,8.15,14.35,0.317,-10.07,,,8.59,,
LU2872292169,5.86,7.15,0.317,-4.69,,,2.93,,
IE00BYQCZX56,8.66,16.1,0.315,-11.12,,,4.93,3.73,
IE000TSML5I8,8.01,14.09,0.314,-10.05,,,8.45,,
LU1753045332,8.35,15.14,0.314,-11.3,,,4.81,3.65,
IE000MO2MB07,9.8,19.83,0.313,-14.12,,,10.83,3.97,
IE00BZ56TQ67,9.2,18.07,0.31,-11.04,,,6.75,,
IE000ZIJ5B20,7.84,13.84,0.307,-9.11,,,2.09,,
LU1753045415,8.19,14.95,0.307,-11.46,,,4.81,3.57,
IE00BKY53D40,8.23,15.1,0.307,-12.24,,,5.76,3.58,
IE000X9TLGN8,9.75,20.08,0.307,-13.99,,,10.75,3.92,
IE00BZ56RN96,7.62,13.71,0.294,-10.33,,,5.78,3.38,
IE000UZCJS58,7.3,12.7,0.292,-8.19,,,7.03,,
LU1953137681,8.01,15.12,0.292,-10.94,,,4.98,3.47,
IE000KF370H3,7.65,13.88,0.292,-8.44,,,7.52,3.38,
IE000MGAVJV3,7.5,13.44,0.291,-9.65,,,8.33,3.33,
LU2870272650,7.74,14.26,0.291,-10.17,,,8.61,,
IE0008TKP6O7,7.93,15.2,0.285,-12.23,,,9.23,,
IE00BZ02LR44,7.85,14.98,0.285,-11.57,,,8.74,3.4,
IE000YG82CF0,7.39,13.43,0.283,-9.62,,,8.27,3.28,
IE000E7EI9P0,9.79,21.87,0.283,-16.26,,,13.78,,
IE00030Y2P41,6.85,11.5,0.283,-7.57,,,4.62,3.12,
LU1437025023,8.62,17.87,0.281,-11.07,,,5.51,3.55,
IE000O58J820,7.68,14.77,0.277,-10.81,,,9.96,,
LU2195226068,8.43,17.72,0.273,-11.13,,,5.43,3.47,
IE00BZ56SW52,7.4,13.99,0.272,-10.14,,,5.54,3.24,
IE00BF92LV92,6.32,10.25,0.266,-6.95,,,1.46,,
IE000OV4XWA3,7.15,13.7,0.259,-10.41,,,4.46,3.13,
IE0001JH5CB4,7.41,14.78,0.258,-11.09,,,4.96,,
IE00BMXC7W70,6.92,13.79,0.241,-10.1,,,8.85,3.01,
IE00BN92ZL31,6.99,14.32,0.238,-9.95,,,8.84,3.01,
IE00BF553838,4.98,5.88,0.235,-4.29,,,2.08,2.41,
IE000CL68Z69,6.93,14.3,0.233,-10.11,,,8.72,,
IE00BJ5CNR11,7.07,14.95,0.233,-10.07,,,8.44,,
IE000CXVOXQ1,6.41,12.32,0.228,-8.79,,,5.62,,
IE000W95TAE6,6.18,11.78,0.22,-9.69,,,6.99,,
IE0006YM7D84,4.47,4.0,0.219,-2.59,,,1.57,2.2,
IE0002A3VE77,7.59,18.23,0.219,-12.42,,,7.26,,
IE00BJXT3G33,6.86,14.99,0.218,-10.38,,,9.43,,
LU1602145036,6.88,15.27,0.215,-8.58,,,4.37,,
IE00BP2C1V62,6.56,14.2,0.209,-10.12,,,8.62,2.8,
IE0006QX3Y11,6.98,16.35,0.207,-9.45,,,4.8,,
IE00BFNNN343,4.4,4.12,0.196,-2.83,,,1.86,,
IE00BKF09C98,4.47,4.48,0.195,-2.71,,,1.8,2.19,
LU1437025296,6.55,15.34,0.193,-11.73,,,7.37,2.71,
IE000LGWDNE5,8.71,26.76,0.191,-15.5,,,10.43,2.6,
IE000R85HL30,6.0,12.66,0.19,-8.33,,,6.27,,
IE000QQ8Z0D8,5.96,12.45,0.19,-9.15,,,7.41,,
IE0007M3MLF3,5.98,12.65,0.189,-9.29,,,5.96,,
IE00BJ5JP436,6.91,17.71,0.187,-12.87,,,9.04,,
IE000O36LOH8,3.75,0.82,0.186,-0.18,,,0.38,,
IE00BMDBMG37,7.22,19.61,0.185,-12.36,,,8.16,2.66,
LU1681040900,4.06,2.56,0.184,-1.0,,,0.45,2.02,
IE00BL6K8D99,6.54,16.04,0.184,-10.91,,,5.54,2.65,
IE000FOSCLU1,6.42,16.23,0.174,-10.7,,,5.79,2.57,
LU1861132840,7.06,20.29,0.171,-14.54,,,12.79,2.52,
IE000F60HVH9,5.76,13.02,0.167,-8.72,,,7.82,,
LU2872292086,4.54,5.76,0.165,-4.01,,,2.58,,
IE000Q0IU5T1,7.15,21.81,0.163,-17.07,,,13.15,2.41,
IE000RSCXLM4,5.55,12.66,0.155,-9.64,,,8.79,,
IE000E4BATC9,5.68,13.43,0.155,-10.26,,,7.39,,
IE00BMY76136,5.84,14.59,0.154,-11.37,,,8.07,,
IE0000MMQ5M5,5.71,14.44,0.147,-12.32,,,8.66,,
IE000VCBWFL8,5.39,13.05,0.138,-9.35,,,4.08,,
IE00069JGT58,5.39,13.6,0.132,-10.76,,,9.24,,
IE00BMDPBY65,5.61,15.48,0.13,-11.32,,,4.52,,
IE00BDF16007,6.28,21.49,0.125,-12.5,,,5.16,,
IE000N42HDP2,4.89,10.53,0.124,-7.82,,,4.43,,
LU1435356065,4.07,3.92,0.123,-2.75,,,1.76,2.0,
IE00BJP26C72,3.83,2.08,0.112,-0.95,,,-0.69,1.91,
IE00BLP53M98,4.19,5.66,0.106,-4.08,,,2.44,,
NL0009272764,4.41,8.28,0.099,-5.17,,,2.38,,
IE00BGDPWW94,5.0,15.21,0.093,-10.1,,,6.8,1.93,
IE00B52VJ196,4.89,14.7,0.088,-10.05,,,6.66,1.91,
LU1435356149,3.95,4.2,0.084,-2.79,,,1.88,1.93,
LU2182388582,4.91,16.5,0.08,-11.05,,,5.88,1.79,
LU1753045928,4.98,18.01,0.077,-10.3,,,-1.25,1.69,
IE0000U24AJ9,4.6,13.57,0.074,-9.6,,,7.09,,
LU1753045845,4.78,17.07,0.069,-10.22,,,-1.53,1.67,
IE00BFZPF439,3.97,5.74,0.066,-3.6,,,1.82,,
IE000Y6L6LE6,4.57,16.79,0.058,-11.49,,,6.19,,
IE00BDFC6Q91,3.63,0.94,0.045,-0.34,,,0.49,,
IE000V93BNU0,4.19,14.01,0.043,-9.95,,,9.18,,
IE000AXIKJM8,4.15,13.8,0.04,-11.5,,,9.21,,
LU1923163676,3.65,1.54,0.035,-0.37,,,0.21,1.82,
IE000AYEFBK6,3.7,2.95,0.035,-1.32,,,1.02,1.83,
IE000XIBT2R7,3.83,9.89,0.024,-7.32,,,4.04,,
IE00BGDQ0V72,3.95,20.19,0.018,-12.27,,,4.23,0.96,
LU3024069877,3.9,20.2,0.015,-11.47,,,-2.68,0.92,
LU3142893745,3.74,32.92,0.004,-20.33,,,13.39,,
IE00BQZJBX31,3.65,21.13,0.002,-12.2,,,4.79,,
LU1659681669,3.54,11.79,-0.004,-8.13,,,7.06,,
IE000SU7USQ3,3.46,12.26,-0.01,-8.76,,,7.32,,
IE000S6476U8,3.28,16.6,-0.019,-8.18,,,-6.41,,
IE000IIED424,3.28,12.39,-0.025,-8.94,,,6.99,,
LU2023678282,3.09,18.74,-0.027,-15.82,,,12.51,0.67,
IE00BG0J4C88,2.98,21.79,-0.028,-11.65,,,7.19,0.31,
IE000GE2BEZ9,3.48,3.7,-0.03,-2.66,,,1.52,1.71,
IE00BFMNHK08,3.14,15.28,-0.03,-10.33,,,7.39,,
LU1547515053,3.41,5.57,-0.032,-4.27,,,2.23,,
LU2206597804,2.98,14.66,-0.042,-10.46,,,5.81,,
IE000I7E6HL0,1.9,31.4,-0.054,-14.78,,,-4.26,,
LU2099295466,3.25,5.36,-0.063,-3.92,,,1.69,1.56,
IE00BMFNW783,1.85,26.38,-0.066,-16.16,,,1.14,-0.78,
IE000F9AQNW6,2.71,13.35,-0.066,-7.16,,,5.63,,
IE000L0X6L81,3.36,3.26,-0.072,-1.18,,,0.0,,
IE00BYX8XC17,1.94,23.01,-0.072,-12.8,,,0.11,-0.34,
IE0008YWAFL1,3.36,3.01,-0.079,-1.33,,,0.94,1.66,
IE000W1AURU9,3.28,3.75,-0.082,-2.64,,,1.61,1.61,
FR0010527275,2.39,12.23,-0.099,-8.54,,,2.43,0.82,
IE00BJK55B31,3.14,4.48,-0.101,-2.56,,,1.54,,
IE00BLRPQH31,1.78,16.79,-0.108,-13.73,,,1.18,0.19,
IE00069MGEE1,2.95,5.47,-0.117,-3.22,,,0.45,,
IE000DYQE2Q3,2.61,7.63,-0.129,-4.12,,,1.94,,
IE00BYZK4776,1.08,18.14,-0.139,-12.1,,,-0.32,-0.27,
IE0006XQ3YX3,1.66,12.99,-0.149,-11.04,,,0.79,,
IE0004D7VJE6,2.71,5.86,-0.151,-3.7,,,0.02,,
LU2872291948,2.82,5.03,-0.154,-3.69,,,1.96,,
IE000J4FE268,2.7,5.73,-0.156,-3.44,,,0.02,,
IE000BWITBP9,2.64,5.86,-0.163,-3.19,,,-0.77,1.23,
IE00BMXC7V63,1.45,13.07,-0.164,-10.76,,,7.84,,
IE0000JVOLK2,2.6,5.55,-0.179,-2.96,,,0.65,,
IE000EFHIFG3,0.54,16.39,-0.186,-14.88,,,9.4,,
LU1861137484,0.83,14.89,-0.186,-10.23,,,6.47,-0.13,
IE00BK5BC891,0.37,16.79,-0.192,-12.66,,,2.88,-0.51,
IE00BMDPBZ72,1.0,12.9,-0.201,-10.58,,,7.76,,
IE000CWS09Q9,3.14,2.23,-0.205,-1.38,,,0.8,1.56,
IE00058B19U6,0.91,12.95,-0.207,-11.01,,,7.08,0.04,
LU3138597383,0.98,12.48,-0.21,-3.12,,,-0.01,,
IE000O2QIHN4,2.45,5.32,-0.215,-3.17,,,0.47,,
IE000YZIVX22,2.26,6.18,-0.216,-4.56,,,2.16,,
IE00BMP3HN93,0.27,14.74,-0.225,-12.32,,,4.99,-0.4,
IE00BKVL7778,1.57,8.25,-0.245,-6.03,,,0.98,0.61,
IE00BM9GRM34,2.05,6.07,-0.255,-3.53,,,1.15,,
IE0006OIQXE9,1.89,6.54,-0.261,-5.15,,,2.01,,
LU2194449075,0.32,12.06,-0.271,-7.9,,,3.94,,
IE000N3TZN02,2.09,5.44,-0.276,-3.07,,,-0.54,,
LU3119430570,1.12,8.95,-0.276,-5.43,,,0.52,,
IE00B6X2VY59,2.69,3.2,-0.283,-1.02,,,0.68,1.32,
IE0007G78AC4,2.23,4.69,-0.291,-2.3,,,0.82,1.06,
LU1547515137,1.86,5.44,-0.319,-4.4,,,2.29,,
IE0006GNB732,1.75,5.73,-0.321,-3.94,,,1.66,,
LU1525418726,2.47,3.29,-0.342,-2.62,,,1.14,1.2,
IE00BLRPRF81,1.34,6.4,-0.352,-4.59,,,1.0,,
IE00018U4PN8,1.63,5.36,-0.365,-3.03,,,0.28,,
IE000C5Q64P6,2.67,2.54,-0.365,-1.48,,,0.68,,
IE000EJ2EHO7,0.65,8.04,-0.366,-6.24,,,2.56,,
IE00066L6LB9,1.64,5.33,-0.366,-3.03,,,0.29,,
IE0005FKEK99,1.23,6.41,-0.368,-5.36,,,1.56,,
IE000O2G7VL0,1.7,4.92,-0.385,-3.4,,,1.1,,
IE0000UJ3480,1.48,5.5,-0.385,-3.27,,,-0.51,0.66,
IE000P0AMD16,1.47,5.44,-0.39,-3.3,,,-0.57,,
LU2099296274,1.16,6.15,-0.395,-3.13,,,0.94,,
IE00BF8J5974,2.76,2.02,-0.414,-1.07,,,0.63,1.37,
LU1435356495,1.62,4.54,-0.434,-2.61,,,1.41,,
IE000A0RC215,2.84,1.71,-0.438,-0.87,,,0.72,,
IE00BKLC5874,1.77,4.11,-0.444,-3.04,,,1.04,0.84,
LU2346257210,1.6,4.43,-0.45,-3.28,,,0.98,,
IE000IF0HTJ9,0.06,7.66,-0.461,-5.66,,,1.16,,
LU1812090543,1.65,4.16,-0.468,-3.16,,,1.19,0.78,
LU3028243122,1.9,3.44,-0.492,-3.02,,,0.75,,
IE000FG3UNB8,0.94,5.34,-0.497,-3.78,,,1.82,,
IE0006KNOFD1,0.47,6.14,-0.508,-4.47,,,1.86,,
IE000VVC8KW9,0.48,6.03,-0.516,-3.84,,,2.0,,
IE000GB2EQ90,2.04,2.94,-0.527,-1.92,,,0.71,,
IE00BD4DX952,0.99,4.83,-0.539,-4.02,,,1.81,0.43,
IE000M02BVY5,1.06,4.49,-0.563,-3.58,,,1.47,,
IE0004HMINW0,1.1,4.33,-0.577,-3.13,,,0.38,,
IE00BLRPRD67,0.83,4.76,-0.58,-2.46,,,1.18,0.36,
IE000ZO4CUT7,1.45,3.55,-0.604,-2.75,,,1.37,,
IE000S2QZKI8,0.26,5.42,-0.614,-3.66,,,1.12,,
IE0002U1PIC8,1.19,3.85,-0.623,-2.67,,,0.92,,
IE000IEOQSJ3,1.18,3.86,-0.627,-3.57,,,1.37,,
IE000Q9IHH10,3.13,0.73,-0.631,-0.3,,,0.4,,
LU3119430497,0.12,5.49,-0.632,-3.91,,,0.72,,
LU1806495575,0.7,4.55,-0.635,-2.66,,,1.03,0.3,
IE000HDPAH09,0.33,5.11,-0.639,-3.83,,,0.53,,
LU2244386053,0.95,4.02,-0.659,-3.15,,,1.17,0.43,
LU1852211215,1.53,3.12,-0.662,-1.41,,,0.64,,
IE000WYX67F4,1.41,3.26,-0.669,-2.48,,,0.92,0.68,
IE0003HV7CS6,1.45,3.14,-0.682,-2.2,,,1.01,,
LU1215415214,0.7,4.24,-0.682,-3.27,,,1.22,0.3,
IE000Y9XFN19,0.06,4.84,-0.731,-3.3,,,0.77,-0.03,
IE00BF59RV63,0.32,4.45,-0.734,-2.99,,,0.89,,
IE000HDEYKM3,1.24,3.17,-0.743,-2.99,,,1.22,,
LU3046359165,1.89,2.28,-0.745,-1.68,,,0.81,0.93,
IE000XFCOS45,1.94,2.2,-0.75,-1.7,,,0.88,0.96,
LU1285959885,0.08,4.65,-0.755,-2.89,,,1.0,-0.01,
LU1285959703,0.08,4.52,-0.778,-2.83,,,1.13,-0.01,
IE0009XKZC98,1.95,2.11,-0.779,-1.68,,,0.88,0.96,
LU3119430224,0.06,4.51,-0.784,-3.13,,,0.67,,
IE000RJL5A30,0.31,4.16,-0.789,-2.93,,,1.06,0.11,
IE000NHAIBN0,1.02,3.21,-0.803,-2.58,,,0.99,,
LU1681041031,2.18,1.74,-0.816,-0.57,,,0.3,1.08,
LU2941599164,2.99,0.72,-0.828,-0.29,,,0.42,,
IE00BK4W7N32,0.07,4.25,-0.831,-2.91,,,1.28,-0.01,
IE000UJSC3C9,0.36,3.82,-0.846,-2.72,,,1.19,,
IE00BF51K025,0.08,3.69,-0.951,-2.45,,,1.3,,
LU1681041114,2.19,1.42,-0.984,-0.48,,,0.14,1.09,
IE000MCVFK47,0.01,3.62,-0.99,-2.61,,,0.45,,
IE000R7KKFN3,0.83,2.71,-1.018,-2.59,,,1.08,,
LU2533811910,1.79,1.72,-1.051,-0.3,,,0.16,,
LU2408467723,2.28,1.16,-1.124,-1.17,,,0.67,,
IE00B6YX5H87,1.14,2.14,-1.143,-1.18,,,0.49,,
IE00BG5QQ390,1.4,1.88,-1.163,-0.84,,,0.37,,
IE000AK4O3W6,1.13,1.84,-1.339,-0.98,,,0.53,,
IE000W6ZFH20,0.51,2.29,-1.347,-1.32,,,0.4,,
IE000ZC4C5Q1,0.15,2.53,-1.36,-1.64,,,0.47,,
IE0000U1XBZ0,0.7,2.11,-1.372,-1.45,,,0.47,,
LU3065090717,0.39,2.24,-1.43,-1.39,,,0.21,,
IE000XOS4OJ6,1.53,1.41,-1.467,-0.79,,,0.32,,
IE000YMQ2SC9,1.15,1.64,-1.484,-0.58,,,0.42,,
LU1525418643,0.1,2.34,-1.49,-1.81,,,0.5,0.04,
IE00BF59RW70,0.08,2.29,-1.535,-1.97,,,0.67,,
IE00BKT6BH25,0.11,2.24,-1.552,-1.8,,,0.69,0.04,
IE0006K7DEL9,0.12,2.22,-1.565,-1.73,,,0.44,,
LU2178481649,0.11,2.22,-1.568,-1.66,,,0.53,,
IE000LKGEZQ6,0.31,2.05,-1.601,-1.67,,,0.6,,
IE000AYJ75E5,2.15,0.85,-1.704,-0.27,,,0.24,,
IE000264WWY0,0.06,2.05,-1.717,-1.47,,,0.58,,
LU2810185665,0.06,2.01,-1.753,-1.42,,,0.47,,
IE000ZOI8OK5,1.06,1.44,-1.761,-0.67,,,0.29,,
LU2008760592,0.54,1.69,-1.799,-1.38,,,0.61,0.26,
IE00BYZTVV78,1.12,1.37,-1.808,-0.93,,,0.44,,
IE000CCQKON9,1.9,0.86,-1.957,-0.29,,,0.28,,
LU2446383254,0.37,1.59,-2.03,-1.36,,,0.59,0.18,
LU2037748774,0.92,1.27,-2.106,-0.88,,,0.52,,
IE000NBRE3P7,2.02,0.74,-2.125,-0.16,,,0.11,,
IE00BD9MMF62,1.92,0.76,-2.193,-0.35,,,0.31,,
LU2673522830,1.33,0.98,-2.308,-0.47,,,0.31,,
LU2533810862,0.14,1.49,-2.312,-1.25,,,0.37,,
LU2533810789,0.09,1.48,-2.369,-1.32,,,0.35,,
LU2673523218,1.33,0.93,-2.427,-0.47,,,0.32,,
IE000H5X52W8,0.99,1.06,-2.45,-0.71,,,0.39,,
IE0009WMIIC0,0.03,1.44,-2.466,-1.24,,,0.24,,
LU3119430067,0.2,1.32,-2.573,-1.19,,,0.37,,
LU2870273039,0.01,1.39,-2.574,-1.16,,,0.33,,
IE000SIZJ2B2,1.76,0.68,-2.716,-0.13,,,0.15,,
IE000WXLHR76,1.99,0.38,-4.16,-0.07,,,0.21,,
LU2533812058,1.92,0.39,-4.295,-0.17,,,0.28,,
LU2898088419,2.28,0.18,-7.262,-0.04,,,0.19,,
IE0004L7EQG2,2.15,0.13,-11.335,-0.01,,,0.18,,
IE000JJPY166,2.02,0.12,-13.395,-0.01,,,0.19,,
